<keymap version="1" name="ideavim" parent="$default">
  <action id="$Undo">
    <keyboard-shortcut first-keystroke="alt back_space" />
  </action>
  <action id="ActivateProjectToolWindow">
    <keyboard-shortcut first-keystroke="ctrl e" />
  </action>
  <action id="ActivateTerminalToolWindow">
    <keyboard-shortcut first-keystroke="ctrl t" />
  </action>
  <action id="ChangesView.ToggleCommitUi" />
  <action id="CheckinProject" />
  <action id="CloseActiveTab">
    <keyboard-shortcut first-keystroke="ctrl q" />
  </action>
  <action id="EditorCodeBlockEnd" />
  <action id="EditorCodeBlockStart" />
  <action id="EditorDown">
    <keyboard-shortcut first-keystroke="down" />
    <keyboard-shortcut first-keystroke="ctrl j" />
  </action>
  <action id="EditorScrollToCenter" />
  <action id="EditorSelectWord" />
  <action id="EditorTab" />
  <action id="EditorUnSelectWord" />
  <action id="EditorUp">
    <keyboard-shortcut first-keystroke="up" />
    <keyboard-shortcut first-keystroke="ctrl k" />
  </action>
  <action id="FileChooser.NewFolder">
    <keyboard-shortcut first-keystroke="alt insert" />
  </action>
  <action id="FileChooser.TogglePathBar" />
  <action id="Git.Commit.Stage" />
  <action id="GotoClass" />
  <action id="HideActiveWindow">
    <keyboard-shortcut first-keystroke="shift escape" />
    <keyboard-shortcut first-keystroke="ctrl h" />
  </action>
  <action id="InsertLiveTemplate" />
  <action id="NewElement">
    <keyboard-shortcut first-keystroke="ctrl n" />
  </action>
  <action id="NextSplitter">
    <keyboard-shortcut first-keystroke="ctrl w" />
  </action>
  <action id="NextTab">
    <keyboard-shortcut first-keystroke="alt right" />
    <keyboard-shortcut first-keystroke="alt l" />
  </action>
  <action id="ParameterInfo" />
  <action id="PrevSplitter">
    <keyboard-shortcut first-keystroke="shift ctrl w" />
  </action>
  <action id="PreviousTab">
    <keyboard-shortcut first-keystroke="alt left" />
    <keyboard-shortcut first-keystroke="alt h" />
  </action>
  <action id="QuickJavaDoc">
    <mouse-shortcut keystroke="alt button2" />
  </action>
  <action id="RecentFiles" />
  <action id="SearchEverywhere.NextTab" />
  <action id="ShowPopupMenu">
    <keyboard-shortcut first-keystroke="context_menu" />
    <keyboard-shortcut first-keystroke="ctrl m" />
  </action>
  <action id="SmartSelect" />
  <action id="SmartUnSelect" />
  <action id="SwitcherIterateItems" />
  <action id="SwitcherRecentEditedChangedToggleCheckBox" />
  <action id="TableResult.GrowSelection" />
  <action id="TableResult.ShrinkSelection" />
  <action id="TypeHierarchy" />
  <action id="TypeHierarchyBase.BaseOnThisType" />
  <action id="UsageFiltering.WriteAccess" />
  <action id="Vcs.Log.ShowTooltip">
    <mouse-shortcut keystroke="alt button2" />
  </action>
  <action id="Vcs.ShowMessageHistory" />
  <action id="Vcs.UpdateProject" />
  <action id="copilot.cycleNextInlays">
    <keyboard-shortcut first-keystroke="ctrl open_bracket" />
  </action>
  <action id="copilot.cyclePrevInlays">
    <keyboard-shortcut first-keystroke="ctrl close_bracket" />
  </action>
  <action id="copilot.openCopilot">
    <keyboard-shortcut first-keystroke="ctrl p" />
  </action>
  <action id="copilot.requestCompletions">
    <keyboard-shortcut first-keystroke="ctrl open_bracket" />
  </action>
</keymap>