<keymap version="1" name="Windows Proper Redo" parent="$default">
  <action id="$Copy" />
  <action id="$Cut" />
  <action id="$Delete" />
  <action id="$Paste" />
  <action id="$Redo" />
  <action id="$SelectAll" />
  <action id="$Undo" />
  <action id="AceAction" />
  <action id="AceLineAction" />
  <action id="AceTargetAction" />
  <action id="ActivateCommitToolWindow" />
  <action id="ActivateDebugToolWindow">
    <keyboard-shortcut first-keystroke="alt d" />
  </action>
  <action id="ActivateFavoritesToolWindow" />
  <action id="ActivateFindToolWindow">
    <keyboard-shortcut first-keystroke="alt f" />
  </action>
  <action id="ActivateProblemsViewToolWindow" />
  <action id="ActivateProjectToolWindow">
    <keyboard-shortcut first-keystroke="alt p" />
  </action>
  <action id="ActivatePythonConsoleToolWindow">
    <keyboard-shortcut first-keystroke="alt c" />
  </action>
  <action id="ActivateRunToolWindow">
    <keyboard-shortcut first-keystroke="alt r" />
  </action>
  <action id="ActivateServicesToolWindow" />
  <action id="ActivateStructureToolWindow" />
  <action id="ActivateTODOToolWindow">
    <keyboard-shortcut first-keystroke="alt o" />
  </action>
  <action id="ActivateTerminalToolWindow">
    <keyboard-shortcut first-keystroke="alt t" />
  </action>
  <action id="ActivateVersionControlToolWindow">
    <keyboard-shortcut first-keystroke="alt g" />
  </action>
  <action id="AddToFavoritesPopup" />
  <action id="Arrangement.Rule.Edit" />
  <action id="Arrangement.Rule.Match.Condition.Move.Down" />
  <action id="Arrangement.Rule.Match.Condition.Move.Up" />
  <action id="Back" />
  <action id="CWMHostShowPopupAction" />
  <action id="CallHierarchy" />
  <action id="ChangeSignature" />
  <action id="ChangesView.AddUnversioned" />
  <action id="ChangesView.GroupBy.Directory" />
  <action id="ChangesView.Move" />
  <action id="ChangesView.Rename" />
  <action id="ChangesView.Revert" />
  <action id="ChangesView.SetDefault" />
  <action id="ChangesView.ShelveSilently" />
  <action id="ChangesView.UnshelveSilently" />
  <action id="CheckinProject" />
  <action id="ChooseDebugConfiguration" />
  <action id="ChooseRunConfiguration">
    <keyboard-shortcut first-keystroke="shift alt c" />
  </action>
  <action id="ClassNameCompletion" />
  <action id="CloseActiveTab" />
  <action id="CloseContent" />
  <action id="CodeInspection.OnEditor" />
  <action id="CollapseAll" />
  <action id="CollapseAllRegions">
    <keyboard-shortcut first-keystroke="shift ctrl alt c" />
  </action>
  <action id="CollapseBlock" />
  <action id="CollapseExpandableComponent" />
  <action id="CollapseRegion">
    <keyboard-shortcut first-keystroke="ctrl alt c" />
  </action>
  <action id="CollapseRegionRecursively" />
  <action id="CollapseSelection" />
  <action id="CollapseTreeNode" />
  <action id="CommentByBlockComment" />
  <action id="CommentByLineComment" />
  <action id="CompareTwoFiles" />
  <action id="Console.Execute.Multiline" />
  <action id="Console.History.Browse" />
  <action id="Console.Open" />
  <action id="CopyElement" />
  <action id="CopyPaths" />
  <action id="CopyReference" />
  <action id="Debug">
    <keyboard-shortcut first-keystroke="shift alt d" />
  </action>
  <action id="Diff.ApplyLeftSide" />
  <action id="Diff.ApplyRightSide" />
  <action id="Diff.FocusOppositePane" />
  <action id="Diff.NextChange" />
  <action id="Diff.PrevChange" />
  <action id="Diff.ShowDiff" />
  <action id="Diff.ShowSettingsPopup" />
  <action id="DirDiffMenu.SynchronizeDiff" />
  <action id="DirDiffMenu.SynchronizeDiff.All" />
  <action id="DumpLookupElementWeights" />
  <action id="EditBreakpoint" />
  <action id="EditSource" />
  <action id="EditSourceInNewWindow" />
  <action id="EditorAddCaretPerSelectedLine" />
  <action id="EditorAddOrRemoveCaret" />
  <action id="EditorAddRectangularSelectionOnMouseDrag" />
  <action id="EditorBackSpace" />
  <action id="EditorCodeBlockEnd" />
  <action id="EditorCodeBlockEndWithSelection" />
  <action id="EditorCodeBlockStart" />
  <action id="EditorCodeBlockStartWithSelection" />
  <action id="EditorCompleteStatement" />
  <action id="EditorContextInfo" />
  <action id="EditorCreateRectangularSelection" />
  <action id="EditorCreateRectangularSelectionOnMouseDrag" />
  <action id="EditorDeleteLine" />
  <action id="EditorDeleteToWordEnd" />
  <action id="EditorDeleteToWordStart" />
  <action id="EditorDown">
    <keyboard-shortcut first-keystroke="down" />
    <keyboard-shortcut first-keystroke="ctrl j" />
  </action>
  <action id="EditorDownWithSelection" />
  <action id="EditorDuplicate" />
  <action id="EditorFocusGutter" />
  <action id="EditorJoinLines" />
  <action id="EditorLeft">
    <keyboard-shortcut first-keystroke="left" />
    <keyboard-shortcut first-keystroke="ctrl h" />
  </action>
  <action id="EditorLeftWithSelection" />
  <action id="EditorLineEnd" />
  <action id="EditorLineEndWithSelection" />
  <action id="EditorLineStart" />
  <action id="EditorLineStartWithSelection" />
  <action id="EditorLookupDown" />
  <action id="EditorLookupUp" />
  <action id="EditorMatchBrace" />
  <action id="EditorMoveToPageBottom" />
  <action id="EditorMoveToPageBottomWithSelection" />
  <action id="EditorMoveToPageTop" />
  <action id="EditorMoveToPageTopWithSelection" />
  <action id="EditorNextWord" />
  <action id="EditorNextWordWithSelection" />
  <action id="EditorPageDown" />
  <action id="EditorPageDownWithSelection" />
  <action id="EditorPageUp" />
  <action id="EditorPageUpWithSelection" />
  <action id="EditorPasteFromX11" />
  <action id="EditorPasteSimple" />
  <action id="EditorPreviousWord" />
  <action id="EditorPreviousWordWithSelection" />
  <action id="EditorRight">
    <keyboard-shortcut first-keystroke="right" />
    <keyboard-shortcut first-keystroke="ctrl l" />
  </action>
  <action id="EditorRightWithSelection" />
  <action id="EditorScrollDown" />
  <action id="EditorScrollToCenter" />
  <action id="EditorScrollUp" />
  <action id="EditorSelectWord" />
  <action id="EditorShowGutterIconTooltip" />
  <action id="EditorSplitLine" />
  <action id="EditorStartNewLine" />
  <action id="EditorStartNewLineBefore" />
  <action id="EditorTextEnd" />
  <action id="EditorTextEndWithSelection" />
  <action id="EditorTextStart" />
  <action id="EditorTextStartWithSelection" />
  <action id="EditorToggleCase" />
  <action id="EditorToggleColumnMode" />
  <action id="EditorToggleInsertState" />
  <action id="EditorUnSelectWord" />
  <action id="EditorUp">
    <keyboard-shortcut first-keystroke="up" />
    <keyboard-shortcut first-keystroke="ctrl k" />
  </action>
  <action id="EditorUpWithSelection" />
  <action id="EmmetNextEditPoint" />
  <action id="EmmetPreviousEditPoint" />
  <action id="EvaluateExpression" />
  <action id="ExpandAll" />
  <action id="ExpandAllRegions">
    <keyboard-shortcut first-keystroke="shift ctrl alt e" />
  </action>
  <action id="ExpandAllToLevel1" />
  <action id="ExpandAllToLevel2" />
  <action id="ExpandAllToLevel3" />
  <action id="ExpandAllToLevel4" />
  <action id="ExpandAllToLevel5" />
  <action id="ExpandExpandableComponent" />
  <action id="ExpandRegion">
    <keyboard-shortcut first-keystroke="ctrl alt e" />
  </action>
  <action id="ExpandRegionRecursively" />
  <action id="ExpandToLevel1" />
  <action id="ExpandToLevel2" />
  <action id="ExpandToLevel3" />
  <action id="ExpandToLevel4" />
  <action id="ExpandToLevel5" />
  <action id="ExpandTreeNode" />
  <action id="ExportToTextFile" />
  <action id="ExpressionTypeInfo" />
  <action id="ExternalJavaDoc" />
  <action id="ExternalSystem.ProjectRefreshAction" />
  <action id="ExtractMethod" />
  <action id="FileChooser.GotoDesktop" />
  <action id="FileChooser.GotoHome" />
  <action id="FileChooser.GotoProject" />
  <action id="FileChooser.NewFolder" />
  <action id="FileChooser.TogglePathShowing" />
  <action id="FileStructurePopup" />
  <action id="Find" />
  <action id="FindNext">
    <keyboard-shortcut first-keystroke="ctrl l" />
  </action>
  <action id="FindPrevious">
    <keyboard-shortcut first-keystroke="ctrl h" />
  </action>
  <action id="FindUsages" />
  <action id="FindUsagesInFile" />
  <action id="FindWordAtCaret" />
  <action id="ForceRefresh" />
  <action id="ForceRunToCursor" />
  <action id="ForceStepInto" />
  <action id="ForceStepOver" />
  <action id="Forward" />
  <action id="FullyExpandTreeNode" />
  <action id="Generate" />
  <action id="Git.Branches" />
  <action id="Git.Commit.And.Push.Executor" />
  <action id="Git.Log.Branches.Change.Branch.Filter" />
  <action id="Git.Rename.Local.Branch" />
  <action id="Git.Reword.Commit" />
  <action id="GotoAction" />
  <action id="GotoBookmark0" />
  <action id="GotoBookmark1" />
  <action id="GotoBookmark2" />
  <action id="GotoBookmark3" />
  <action id="GotoBookmark4" />
  <action id="GotoBookmark5" />
  <action id="GotoBookmark6" />
  <action id="GotoBookmark7" />
  <action id="GotoBookmark8" />
  <action id="GotoBookmark9" />
  <action id="GotoClass" />
  <action id="GotoCustomRegion" />
  <action id="GotoDeclaration" />
  <action id="GotoFile" />
  <action id="GotoImplementation" />
  <action id="GotoLine" />
  <action id="GotoNextError" />
  <action id="GotoPreviousError" />
  <action id="GotoRelated" />
  <action id="GotoSuperMethod" />
  <action id="GotoSymbol" />
  <action id="GotoTest" />
  <action id="GotoTypeDeclaration" />
  <action id="HideActiveWindow">
    <keyboard-shortcut first-keystroke="alt h" />
  </action>
  <action id="HideAllWindows">
    <keyboard-shortcut first-keystroke="shift alt h" />
  </action>
  <action id="HighlightUsagesInFile" />
  <action id="HippieBackwardCompletion" />
  <action id="HippieCompletion" />
  <action id="Images.EditExternally" />
  <action id="Images.Editor.ActualSize" />
  <action id="Images.Editor.ToggleGrid" />
  <action id="Images.Thumbnails.EnterAction" />
  <action id="Images.Thumbnails.ToggleRecursive" />
  <action id="Images.Thumbnails.UpFolder" />
  <action id="ImplementMethods" />
  <action id="Inline" />
  <action id="InsertLiveTemplate" />
  <action id="IntroduceConstant" />
  <action id="IntroduceField" />
  <action id="IntroduceParameter" />
  <action id="IntroduceVariable" />
  <action id="JumpToLastChange" />
  <action id="JumpToLastWindow" />
  <action id="MaintenanceAction" />
  <action id="MaximizeToolWindow" />
  <action id="MethodDown" />
  <action id="MethodHierarchy" />
  <action id="MethodUp" />
  <action id="Move" />
  <action id="MoveElementLeft" />
  <action id="MoveElementRight" />
  <action id="MoveLineDown" />
  <action id="MoveLineUp" />
  <action id="MoveStatementDown" />
  <action id="MoveStatementUp" />
  <action id="NewElement">
    <keyboard-shortcut first-keystroke="ctrl alt n" />
  </action>
  <action id="NewElementSamePlace" />
  <action id="NewScratchFile" />
  <action id="NextDiff" />
  <action id="NextEditorTab" />
  <action id="NextOccurence" />
  <action id="NextProjectWindow" />
  <action id="NextTab" />
  <action id="OpenInRightSplit" />
  <action id="OverrideMethods" />
  <action id="ParameterInfo" />
  <action id="PasteMultiple" />
  <action id="PopupHector" />
  <action id="PreviousDiff" />
  <action id="PreviousEditorTab" />
  <action id="PreviousOccurence" />
  <action id="PreviousProjectWindow" />
  <action id="PreviousTab" />
  <action id="ProblemsView.QuickFixes" />
  <action id="ProjectViewChangeView" />
  <action id="QuickActionPopup" />
  <action id="QuickChangeScheme" />
  <action id="QuickEvaluateExpression" />
  <action id="QuickImplementations">
    <keyboard-shortcut first-keystroke="shift ctrl d" />
  </action>
  <action id="QuickJavaDoc">
    <keyboard-shortcut first-keystroke="shift ctrl b" />
  </action>
  <action id="QuickTypeDefinition">
    <keyboard-shortcut first-keystroke="shift ctrl t" />
  </action>
  <action id="RecentChanges" />
  <action id="RecentFiles" />
  <action id="RecentLocations" />
  <action id="Refactorings.QuickListPopupAction">
    <keyboard-shortcut first-keystroke="shift ctrl alt f" />
  </action>
  <action id="ReformatCode">
    <keyboard-shortcut first-keystroke="ctrl alt r" />
  </action>
  <action id="Refresh" />
  <action id="RenameElement">
    <keyboard-shortcut first-keystroke="shift ctrl alt n" />
  </action>
  <action id="Replace" />
  <action id="Rerun" />
  <action id="RerunTests" />
  <action id="ResizeToolWindowDown" />
  <action id="ResizeToolWindowLeft" />
  <action id="ResizeToolWindowRight" />
  <action id="ResizeToolWindowUp" />
  <action id="RestoreDefaultLayout" />
  <action id="Resume" />
  <action id="Run">
    <keyboard-shortcut first-keystroke="shift alt r" />
  </action>
  <action id="RunClass" />
  <action id="RunInspection" />
  <action id="RunToCursor" />
  <action id="SafeDelete" />
  <action id="SaveAll" />
  <action id="SelectAllOccurrences" />
  <action id="SelectIn" />
  <action id="SelectNextOccurrence" />
  <action id="SelectVirtualTemplateElement" />
  <action id="SendEOF" />
  <action id="ServiceView.GroupByContributor" />
  <action id="ServiceView.GroupByServiceGroups" />
  <action id="ServiceView.ShowServices" />
  <action id="SetShortcutAction" />
  <action id="ShelveChanges.UnshelveWithDialog" />
  <action id="ShelvedChanges.Rename" />
  <action id="ShowBookmarks" />
  <action id="ShowContent" />
  <action id="ShowErrorDescription" />
  <action id="ShowExecutionPoint" />
  <action id="ShowFilePath" />
  <action id="ShowFilterPopup" />
  <action id="ShowIntentionActions" />
  <action id="ShowNavBar" />
  <action id="ShowPopupMenu" />
  <action id="ShowReformatFileDialog">
    <keyboard-shortcut first-keystroke="shift ctrl alt r" />
  </action>
  <action id="ShowSearchHistory" />
  <action id="ShowSettings" />
  <action id="ShowSettingsAndFindUsages" />
  <action id="ShowUsages" />
  <action id="SmartStepInto" />
  <action id="SmartTypeCompletion" />
  <action id="StepInto" />
  <action id="StepIntoMyCode" />
  <action id="StepOut" />
  <action id="StepOver" />
  <action id="Stop" />
  <action id="StopBackgroundProcesses" />
  <action id="SurroundWith" />
  <action id="SurroundWithLiveTemplate" />
  <action id="SwitchCoverage" />
  <action id="SwitcherIterateItems" />
  <action id="SwitcherRecentEditedChangedToggleCheckBox" />
  <action id="Synchronize" />
  <action id="Terminal.CopySelectedText">
    <keyboard-shortcut first-keystroke="ctrl c" />
  </action>
  <action id="Terminal.Paste">
    <keyboard-shortcut first-keystroke="ctrl v" />
  </action>
  <action id="Terminal.SmartCommandExecution.Debug" />
  <action id="Terminal.SmartCommandExecution.Run" />
  <action id="TodoViewGroupByFlattenPackage" />
  <action id="TodoViewGroupByShowModules" />
  <action id="TodoViewGroupByShowPackages" />
  <action id="ToggleBookmark" />
  <action id="ToggleBookmark0" />
  <action id="ToggleBookmark1" />
  <action id="ToggleBookmark2" />
  <action id="ToggleBookmark3" />
  <action id="ToggleBookmark4" />
  <action id="ToggleBookmark5" />
  <action id="ToggleBookmark6" />
  <action id="ToggleBookmark7" />
  <action id="ToggleBookmark8" />
  <action id="ToggleBookmark9" />
  <action id="ToggleBookmarkWithMnemonic" />
  <action id="ToggleFindInSelection" />
  <action id="ToggleLineBreakpoint" />
  <action id="ToggleRenderedDocPresentation" />
  <action id="ToggleTemporaryLineBreakpoint" />
  <action id="TypeHierarchy" />
  <action id="TypeHierarchyBase.BaseOnThisType" />
  <action id="UnselectPreviousOccurrence" />
  <action id="Unwrap" />
  <action id="UpdateRunningApplication" />
  <action id="UsageGrouping.FileStructure" />
  <action id="Vcs.Log.GoToChild" />
  <action id="Vcs.Log.GoToParent" />
  <action id="Vcs.MoveChangedLinesToChangelist" />
  <action id="Vcs.Push" />
  <action id="Vcs.QuickListPopupAction" />
  <action id="Vcs.RollbackChangedLines" />
  <action id="Vcs.ShowMessageHistory" />
  <action id="Vcs.ToggleAmendCommitMode" />
  <action id="Vcs.UpdateProject" />
  <action id="VcsHistory.ShowAllAffected" />
  <action id="VcsShowNextChangeMarker" />
  <action id="VcsShowPrevChangeMarker" />
  <action id="ViewBreakpoints" />
  <action id="ViewSource" />
  <action id="XDebugger.AttachToProcess" />
  <action id="XDebugger.SetValue" />
  <action id="context.clear" />
  <action id="context.load" />
  <action id="context.save" />
  <action id="copilot.cycleNextInlays">
    <keyboard-shortcut first-keystroke="alt close_bracket" />
  </action>
  <action id="copilot.cyclePrevInlays">
    <keyboard-shortcut first-keystroke="alt open_bracket" />
  </action>
  <action id="copilot.disableCopilot" />
  <action id="copilot.disposeInlays" />
  <action id="copilot.enableCopilot" />
  <action id="copilot.openCopilot">
    <keyboard-shortcut first-keystroke="alt enter" />
  </action>
  <action id="hg4idea.QFold" />
  <action id="org.intellij.plugins.markdown.ui.actions.styling.InsertImageAction" />
  <action id="tasks.close" />
  <action id="tasks.goto" />
  <action id="tasks.open.in.browser" />
  <action id="tasks.switch" />
</keymap>